{
    "name":"Cube.002Geometry",
    "uvs":[],
    "metadata":{
        "generator":"io_three",
        "faces":6,
        "uvs":0,
        "normals":6,
        "type":"Geometry",
        "materials":1,
        "version":3,
        "vertices":8
    },
    "materials":[{
        "colorSpecular":[0.5,0.5,0.5],
        "shading":"phong",
        "depthTest":true,
        "blending":"NormalBlending",
        "DbgName":"Material.006",
        "colorEmissive":[0,0,0],
        "DbgIndex":0,
        "colorDiffuse":[0.64,0.64,0.64],
        "opacity":1,
        "wireframe":false,
        "DbgColor":15658734,
        "specularCoef":50,
        "depthWrite":true,
        "visible":true,
        "transparent":false
    }],
    "vertices":[-99.74,-133.323,-0.206332,-99.74,-133.323,-126.926,-99.74,-139.673,-0.206331,-99.74,-139.673,-126.926,99.74,-133.323,-0.206332,99.74,-133.323,-126.926,99.74,-139.673,-0.206331,99.74,-139.673,-126.926],
    "faces":[35,2,0,1,3,0,0,0,0,0,35,3,7,6,2,0,1,1,1,1,35,7,5,4,6,0,2,2,2,2,35,0,4,5,1,0,3,3,3,3,35,0,2,6,4,0,4,4,4,4,35,5,7,3,1,0,5,5,5,5],
    "normals":[-1,0,0,0,-1,0,1,0,0,0,1,-0,0,0,1,-0,0,-1]
}