{
    "metadata":{
        "faces":30,
        "version":3,
        "materials":3,
        "type":"Geometry",
        "normals":26,
        "vertices":32,
        "generator":"io_three",
        "uvs":1
    },
    "faces":[43,2,0,1,3,0,2,3,0,1,0,0,0,0,43,3,7,6,2,0,4,5,6,7,1,1,1,1,43,7,5,4,6,0,8,9,10,11,2,2,2,2,43,0,4,5,1,0,14,15,12,13,3,3,3,3,43,4,0,9,11,0,16,17,18,19,4,4,4,4,43,5,7,3,1,1,20,21,22,23,5,5,5,5,43,12,13,21,20,0,24,25,26,27,6,6,6,6,43,6,4,11,10,0,28,16,19,29,7,7,7,7,43,0,2,8,9,0,17,30,31,18,8,8,8,8,43,2,6,10,8,0,30,28,29,31,9,9,9,9,43,13,12,14,15,0,32,33,34,35,10,10,10,10,43,15,14,22,23,0,36,37,38,26,11,11,11,11,43,18,16,28,29,2,39,40,41,42,12,12,12,12,43,17,19,30,31,2,43,44,45,46,13,13,13,13,43,19,17,21,23,2,44,43,47,48,13,13,13,13,43,16,18,22,20,2,40,39,46,49,14,14,14,14,43,18,19,23,22,2,50,51,52,53,15,15,15,15,43,17,16,20,21,2,54,55,53,56,16,16,16,16,43,8,10,26,24,2,57,58,59,60,17,17,17,17,43,13,15,23,21,0,32,35,61,62,18,18,18,18,43,11,9,25,27,2,63,64,65,66,19,19,19,19,43,14,12,20,22,0,67,68,69,70,20,20,20,20,43,24,26,29,28,2,71,72,73,74,21,21,21,21,43,27,25,31,30,2,75,76,77,78,22,22,22,22,43,26,27,30,29,2,79,80,81,82,23,23,23,23,43,25,24,28,31,2,83,84,85,86,24,24,24,24,43,10,11,27,26,2,87,88,80,79,0,0,0,0,43,9,8,24,25,2,89,90,84,83,25,25,25,25,43,19,18,29,30,2,51,50,91,92,25,25,25,25,43,16,17,31,28,2,55,54,93,94,0,0,0,0],
    "name":"Cube.001Geometry.5",
    "normals":[0,0,-1,0,-1,0,0,0,1,0,1,-0,0.999997,0.002546,-0,1,-0,-0,-0.99962,0,0.027571,0.999997,-0,0.00247,0.999997,-0,-0.00247,0.999997,-0.002546,-0,-1,0,0,-0.99962,0,-0.027571,0,-1,0,0,1,-0,0,-1,0,0,0,1,-0,0,-1,0,1,-0,-0.999643,-0.026702,0,0,-1,0,-0.999643,0.026703,0,0.999643,0.026702,-0,0.999643,-0.026703,-0,0.99962,-0,-0.027571,0.99962,-0,0.027571,-0,0,1],
    "materials":[{
        "DbgColor":15658734,
        "depthWrite":true,
        "blending":"NormalBlending",
        "specularCoef":50,
        "DbgIndex":0,
        "visible":true,
        "wireframe":false,
        "colorDiffuse":[0.8,0.8,0.8],
        "colorSpecular":[0.5,0.5,0.5],
        "transparent":true,
        "depthTest":true,
        "opacity":1,
        "colorEmissive":[0,0,0],
        "shading":"phong",
        "DbgName":"white"
    },{
        "mapDiffuse":"IMG_5708.JPG",
        "DbgColor":60928,
        "depthWrite":true,
        "blending":"NormalBlending",
        "mapDiffuseRepeat":[1,1],
        "specularCoef":50,
        "DbgIndex":2,
        "visible":true,
        "wireframe":false,
        "colorDiffuse":[0.74681,0.776187,0.8],
        "colorSpecular":[0.5,0.5,0.5],
        "transparent":true,
        "mapDiffuseWrap":["RepeatWrapping","RepeatWrapping"],
        "depthTest":true,
        "mapDiffuseAnisotropy":1,
        "opacity":1,
        "colorEmissive":[0,0,0],
        "shading":"phong",
        "DbgName":"map"
    },{
        "DbgColor":15597568,
        "depthWrite":true,
        "blending":"NormalBlending",
        "specularCoef":50,
        "DbgIndex":1,
        "visible":true,
        "wireframe":false,
        "colorDiffuse":[0,0,0],
        "colorSpecular":[0.5,0.5,0.5],
        "transparent":true,
        "depthTest":true,
        "opacity":1,
        "colorEmissive":[0,0,0],
        "shading":"phong",
        "DbgName":"black"
    }],
    "uvs":[[0.782253,0.529677,0.966957,0.529676,0.966957,0.791018,0.782253,0.791018,0,0.76323,0.184704,0.76323,0.184704,0.950201,0,0.950201,0.782253,0.268335,0.966957,0.268335,0.966957,0.529676,0.782253,0.529676,0.782253,0.791018,0.966957,0.791018,0.966957,0.977989,0.782253,0.977989,0.203641,0.553075,0.018937,0.553075,0,0.527529,0.222579,0.527529,0.000518,0.000518,0.999482,0.000518,0.999482,0.999482,0.000518,0.999482,0.966957,0.788688,0.966957,0.552988,0.983674,0.53667,0.983674,0.805005,0.203641,0.737684,0.222579,0.76323,0.018937,0.737684,0,0.76323,0.701711,0.988642,0.536946,0.988642,0.536946,0.766177,0.701711,0.766177,0.966957,0.520353,0.966957,0.284652,0.983674,0.268335,0.782253,0.11938,0.536946,0.11938,0.536946,0,0.782253,0,0.782253,0.496789,0.536946,0.496789,0.536946,0.377409,0.782253,0.377409,0.782253,0.754819,0.536946,0.754819,0.536946,0.377409,0.268473,0.360664,0,0.360664,0,0,0.268473,0,0.536946,0.360664,0.268473,0.360664,0.536946,0,0.406246,0.749993,0.406246,0.527529,0.525688,0.527529,0.525688,0.749993,0.725077,0.754819,0.725077,1,0.417505,0.977283,0.417505,0.754819,0.536946,0.754819,0.536946,0.977283,0.965921,0.233823,0.965921,0.011358,0.989287,0,0.989287,0.245181,0.983674,0.747339,0.983674,0.524875,1,0.513516,1,0.758697,1,0.279693,1,0.502158,0.983674,0.513516,0.983674,0.268335,0.949204,0.252018,0.949204,0.016317,0.965921,0,0.965921,0.268335,0.389529,0.779547,0.389529,0.543846,0.406246,0.527529,0.406246,0.795864,0.782253,0.252018,0.782253,0.016317,0.222579,0.779547,0.222579,0.543846,0.268473,0.527529,0,0.527529,0.536946,0.527529,0.268473,0.527529]],
    "vertices":[0.313227,3.14661,-5.46102,0.545634,3.14661,-5.46102,0.313226,-3.14661,-5.46102,0.545633,-3.14661,-5.46102,0.313227,3.14661,3.29477,0.545635,3.14661,3.29477,0.313226,-3.14661,3.29477,0.545634,-3.14661,3.29477,0.311009,-4.01744,-6.35872,0.31101,4.01744,-6.35872,0.311009,-4.01744,4.19247,0.311011,4.01744,4.19247,0.019991,-4.01744,-6.35872,0.019993,4.01744,-6.35872,0.019992,-4.01744,4.19247,0.019993,4.01744,4.19247,0.325867,-4.57369,-6.89743,0.325868,4.57369,-6.89743,0.325868,-4.57369,4.73118,0.325869,4.57369,4.73118,0.005133,-4.57369,-6.89743,0.005134,4.57369,-6.89743,0.005134,-4.57369,4.73118,0.005135,4.57369,4.73118,0.459399,-4.01744,-6.35872,0.459401,4.01744,-6.35872,0.4594,-4.01744,4.19247,0.459401,4.01744,4.19247,0.474258,-4.57369,-6.89743,0.474259,-4.57369,4.73118,0.47426,4.57369,4.73118,0.474259,4.57369,-6.89743]
}