{
    "normals":[0,-1,-0,-1,0,-0,1,0,0,0,-1,0,-0,-1,0,-0,-1,0,0,1,0,0,0,-0,-0,1,-0,0,1,-0,-0,1,-0,-0,-0,1,0,0,1,-0,0,1,0,-0,-1,0,-0,-1,-0,-0,-1,-0,-0,-1,-1,-0,-0,-1,0,0,-1,0,-0,1,0,-0,1,0,0,1,0,-0,-1,-0,-0,1,-0,-0,-1,0,0,1,-0,-0,0,-0,-1,1e-06,-1,0,0,-0,1,0,1,-0,0,0,-1,0,-1,0,0,1,-0,0,0,1,0,-1,0,1e-06,1,-0,0,-0,-1,0,0,1,0,-0,-1],
    "uvs":[],
    "name":"CubeGeometry.6",
    "metadata":{
        "uvs":0,
        "type":"Geometry",
        "generator":"io_three",
        "vertices":98,
        "materials":1,
        "faces":124,
        "normals":41,
        "version":3
    },
    "materials":[{
        "DbgIndex":0,
        "blending":"NormalBlending",
        "colorEmissive":[0,0,0],
        "DbgColor":15658734,
        "depthTest":true,
        "shading":"phong",
        "depthWrite":true,
        "colorSpecular":[1,1,1],
        "wireframe":false,
        "colorDiffuse":[1,1,1],
        "specularCoef":50,
        "visible":true,
        "DbgName":"Material",
        "transparent":false,
        "opacity":1
    }],
    "vertices":[104.05,-144.367,-159.363,104.05,-144.367,-4.88017,104.05,-46.9868,-159.363,104.05,-46.9868,-4.88017,99.7939,-144.367,-159.363,99.7939,-144.367,-4.88017,99.7939,-46.9868,-159.363,99.7939,-46.9868,-4.88017,104.05,-144.367,-83.474,104.05,-97.122,-4.88017,104.05,-46.9868,-80.7694,104.05,-94.2315,-159.363,104.05,-97.1221,-83.474,104.05,-46.9868,-122.771,104.05,-144.367,-120.066,104.05,-94.2315,-122.771,104.05,-144.367,-41.4725,104.05,-46.9868,-44.1771,104.05,-97.1221,-41.4725,104.05,-46.9868,-120.066,104.05,-42.4728,-163.876,104.05,-97.1221,-159.363,104.05,-97.1221,-120.066,99.7939,-46.9868,-80.7694,99.7939,-97.122,-4.88017,99.7939,-144.367,-83.474,99.7939,-94.2315,-159.363,99.7939,-97.1221,-83.474,99.7939,-46.9868,-122.771,99.7939,-144.367,-120.066,99.7939,-97.1221,-120.066,99.7939,-46.9868,-44.1771,99.7939,-144.367,-41.4725,99.7939,-97.122,-41.4725,104.05,-144.367,-44.1771,104.05,-148.881,-0.527864,99.7939,-46.9868,-120.066,99.7939,-42.4728,-163.876,99.7939,-94.2315,-4.88017,99.7939,-148.881,-0.527864,99.7939,-97.1221,-159.363,104.05,-144.367,-122.771,104.05,-144.367,-80.7693,104.05,-94.2315,-4.88017,104.05,-46.9868,-41.4725,104.05,-46.9868,-83.474,104.05,-94.2315,-120.066,104.05,-94.2315,-41.4725,104.05,-94.2315,-44.1771,104.05,-94.2315,-83.474,104.05,-94.2315,-80.7693,104.05,-44.4728,-121.419,104.05,-44.4728,-160.715,104.05,-95.6768,-160.715,104.05,-95.6768,-121.419,99.7939,-46.9868,-41.4725,99.7939,-46.9868,-83.474,99.7939,-144.367,-80.7693,99.7939,-94.2315,-120.066,99.7939,-94.2315,-122.771,99.7939,-94.2315,-41.4725,99.7939,-94.2315,-44.1771,99.7939,-94.2315,-83.474,99.7939,-94.2315,-80.7693,99.7939,-144.367,-122.771,99.7939,-144.367,-44.1771,104.05,-95.6768,-0.527866,104.05,-42.4728,-0.52787,104.05,-95.6768,-163.876,104.05,-148.881,-163.876,99.7939,-148.881,-121.419,99.7939,-148.881,-163.876,104.05,-148.881,-82.1216,104.05,-95.6768,-121.419,104.05,-97.1221,-122.771,104.05,-95.6768,-42.8248,104.05,-97.1221,-44.1771,104.05,-95.6768,-82.1216,104.05,-97.1221,-80.7693,104.05,-42.4728,-82.1217,104.05,-42.4728,-121.419,104.05,-148.881,-121.419,104.05,-148.881,-42.8248,104.05,-42.4728,-42.8248,99.7939,-42.4728,-0.52787,99.7939,-95.6768,-0.527866,99.7939,-148.881,-42.8248,99.7939,-148.881,-82.1216,99.7939,-95.6768,-163.876,99.7939,-42.4728,-82.1217,99.7939,-95.6768,-121.419,99.7939,-97.1221,-122.771,99.7939,-95.6768,-42.8248,99.7939,-97.122,-44.1771,99.7939,-95.6768,-82.1216,99.7939,-97.1221,-80.7693,99.7939,-42.4728,-121.419,99.7939,-42.4728,-42.8248],
    "faces":[34,83,67,84,0,0,0,0,34,97,89,96,0,1,1,1,34,83,84,97,0,0,0,0,34,80,79,83,0,2,2,2,34,37,20,80,0,0,0,0,34,83,97,96,0,3,3,3,34,96,37,80,0,4,4,4,34,96,80,83,0,5,5,5,34,86,39,35,0,6,6,6,34,35,82,72,0,7,7,7,34,81,69,71,0,8,8,8,34,35,72,81,0,7,7,7,34,87,86,35,0,6,6,6,34,81,71,70,0,9,9,9,34,70,87,35,0,6,6,6,34,35,81,70,0,10,10,10,34,71,69,68,0,11,11,11,34,68,20,37,0,12,12,12,34,88,71,68,0,13,13,13,34,68,37,88,0,12,12,12,34,35,39,85,0,14,14,14,34,85,84,67,0,15,15,15,34,66,35,85,0,16,16,16,34,85,67,66,0,17,17,17,35,52,51,80,20,0,18,18,18,18,35,53,52,20,68,0,19,19,19,19,35,54,53,68,73,0,7,7,7,7,35,51,54,73,80,0,7,7,7,7,35,1,16,82,35,0,20,20,20,20,35,28,6,37,96,0,21,21,21,21,35,5,24,85,39,0,22,22,22,22,35,6,26,88,37,0,23,23,23,23,35,8,14,81,72,0,20,20,20,20,35,9,1,35,66,0,1,1,1,1,35,10,17,83,79,0,18,18,18,18,35,48,50,77,75,0,20,20,20,20,35,12,8,72,77,0,20,20,20,20,35,50,10,79,77,0,19,19,19,19,35,22,12,77,73,0,24,24,24,24,35,14,22,73,81,0,19,19,19,19,35,18,9,66,75,0,24,24,24,24,35,17,48,75,83,0,20,20,20,20,35,16,18,75,82,0,19,19,19,19,35,2,13,51,52,0,18,18,18,18,35,11,2,52,53,0,19,19,19,19,35,15,11,53,54,0,1,1,1,1,35,13,15,54,51,0,20,20,20,20,35,31,23,89,97,0,23,23,23,23,35,26,59,90,88,0,25,25,25,25,35,63,61,92,94,0,25,25,25,25,35,23,63,94,89,0,23,23,23,23,35,25,27,94,87,0,22,22,22,22,35,29,25,87,70,0,25,25,25,25,35,27,30,90,94,0,21,21,21,21,35,59,28,96,90,0,22,22,22,22,35,30,29,70,90,0,23,23,23,23,35,32,5,39,86,0,25,25,25,25,35,24,33,92,85,0,23,23,23,23,35,33,32,86,92,0,23,23,23,23,35,61,31,97,92,0,22,22,22,22,35,3,43,66,67,0,1,1,1,1,35,0,21,68,69,0,26,26,26,26,35,4,64,70,71,0,27,27,27,27,35,21,74,73,68,0,18,18,18,18,35,78,76,75,77,0,18,18,18,18,35,42,78,77,72,0,19,19,19,19,35,45,49,77,79,0,20,20,20,20,35,19,45,79,80,0,18,18,18,18,35,41,0,69,81,0,1,1,1,1,35,49,46,73,77,0,1,1,1,1,35,74,41,81,73,0,20,20,20,20,35,46,19,80,73,0,19,19,19,19,35,34,42,72,82,0,20,20,20,20,35,44,3,67,83,0,18,18,18,18,35,43,47,75,66,0,20,20,20,20,35,47,44,83,75,0,19,19,19,19,35,76,34,82,75,0,20,20,20,20,35,38,7,84,85,0,2,2,2,2,35,57,65,86,87,0,25,25,25,25,35,40,4,71,88,0,23,23,23,23,35,91,40,88,90,0,23,23,23,23,35,93,95,94,92,0,23,23,23,23,35,62,56,89,94,0,22,22,22,22,35,95,57,87,94,0,23,23,23,23,35,56,36,96,89,0,23,23,23,23,35,58,62,94,90,0,27,27,27,27,35,36,58,90,96,0,23,23,23,23,35,64,91,90,70,0,22,22,22,22,35,7,55,97,84,0,23,23,23,23,35,60,38,85,92,0,25,25,25,25,35,65,93,92,86,0,22,22,22,22,35,55,60,92,97,0,23,23,23,23,35,6,2,11,26,0,28,28,28,28,35,26,11,15,59,0,29,29,29,29,35,59,15,13,28,0,30,30,30,30,35,28,13,2,6,0,31,31,31,31,35,21,40,91,74,0,6,6,6,6,35,74,91,64,41,0,12,12,12,12,35,4,0,41,64,0,0,0,0,0,35,0,4,40,21,0,32,32,32,32,35,14,29,30,22,0,32,32,32,32,35,22,30,27,12,0,6,6,6,6,35,12,27,25,8,0,12,12,12,12,35,8,25,29,14,0,33,33,33,33,35,49,62,58,46,0,29,29,29,29,35,46,58,36,19,0,32,32,32,32,35,19,36,56,45,0,34,34,34,34,35,45,56,62,49,0,35,35,35,35,35,76,93,65,34,0,12,12,12,12,35,34,65,57,42,0,36,36,36,36,35,42,57,95,78,0,32,32,32,32,35,78,95,93,76,0,37,37,37,37,35,17,31,61,48,0,12,12,12,12,35,48,61,63,50,0,36,36,36,36,35,50,63,23,10,0,38,38,38,38,35,10,23,31,17,0,6,6,6,6,35,16,32,33,18,0,32,32,32,32,35,18,33,24,9,0,37,37,37,37,35,9,24,5,1,0,39,39,39,39,35,1,5,32,16,0,36,36,36,36,35,43,38,60,47,0,36,36,36,36,35,47,60,55,44,0,40,40,40,40,35,44,55,7,3,0,6,6,6,6,35,3,7,38,43,0,39,39,39,39]
}